{"cameraMode":{"drawMode":0,"name":"Shaded","section":"Shading Mode"},"sceneLighting":true,"audioPlay":false,"sceneViewState":{"showFog":true,"showMaterialUpdate":false,"showSkybox":true,"showFlares":true,"showImageEffects":true,"showParticleSystems":true,"showVisualEffectGraphs":true,"m_FxEnabled":true},"in2DMode":false,"pivot":{"x":247.75555419921876,"y":70.1370849609375,"z":2.5578203201293947},"rotation":{"x":0.07015163451433182,"y":0.007790625095367432,"z":-0.0005467829178087413,"w":0.9975253343582153},"size":2.0457780361175539,"orthographic":true}