{"cameraMode":{"drawMode":0,"name":"Shaded","section":"Shading Mode"},"sceneLighting":true,"audioPlay":false,"sceneViewState":{"showFog":true,"showMaterialUpdate":false,"showSkybox":true,"showFlares":true,"showImageEffects":true,"showParticleSystems":true,"showVisualEffectGraphs":true,"m_FxEnabled":true},"in2DMode":false,"pivot":{"x":-0.05237388610839844,"y":3.0189807415008547,"z":3.290127992630005},"rotation":{"x":-0.06655524671077728,"y":-0.6848732233047485,"z":0.06305509060621262,"w":-0.7228858470916748},"size":3.3949170112609865,"orthographic":false}