{"cameraMode":{"drawMode":0,"name":"Shaded","section":"Shading Mode"},"sceneLighting":true,"audioPlay":false,"sceneViewState":{"showFog":true,"showMaterialUpdate":false,"showSkybox":true,"showFlares":true,"showImageEffects":true,"showParticleSystems":true,"showVisualEffectGraphs":true,"m_FxEnabled":true},"in2DMode":false,"pivot":{"x":-4.072327613830566,"y":0.07481181621551514,"z":2.4730443954467775},"rotation":{"x":0.19398558139801026,"y":-0.19396619498729707,"z":0.03915507718920708,"w":0.9608540534973145},"size":3.947286605834961,"orthographic":false}