{"cameraMode":{"drawMode":0,"name":"Shaded","section":"Shading Mode"},"sceneLighting":true,"audioPlay":false,"sceneViewState":{"showFog":true,"showMaterialUpdate":false,"showSkybox":true,"showFlares":true,"showImageEffects":true,"showParticleSystems":true,"showVisualEffectGraphs":true,"m_FxEnabled":true},"in2DMode":false,"pivot":{"x":1.6143872737884522,"y":1.002005934715271,"z":4.311495780944824},"rotation":{"x":-0.053271617740392688,"y":0.8967868089675903,"z":-0.11251241713762284,"w":-0.42460110783576968},"size":1.3319953680038453,"orthographic":false}