{"cameraMode":{"drawMode":0,"name":"Shaded","section":"Shading Mode"},"sceneLighting":true,"audioPlay":false,"sceneViewState":{"showFog":true,"showMaterialUpdate":false,"showSkybox":true,"showFlares":true,"showImageEffects":true,"showParticleSystems":true,"showVisualEffectGraphs":true,"m_FxEnabled":true},"in2DMode":false,"pivot":{"x":244.6622314453125,"y":70.19915771484375,"z":2.615295886993408},"rotation":{"x":0.013156830333173275,"y":0.7285032272338867,"z":-0.013996205292642117,"w":0.6848019361495972},"size":1.1543744802474976,"orthographic":true}