{"cameraMode":{"drawMode":0,"name":"Shaded","section":"Shading Mode"},"sceneLighting":true,"audioPlay":false,"sceneViewState":{"showFog":true,"showMaterialUpdate":false,"showSkybox":true,"showFlares":true,"showImageEffects":true,"showParticleSystems":true,"showVisualEffectGraphs":true,"m_FxEnabled":true},"in2DMode":false,"pivot":{"x":-1.1968448162078858,"y":1.897421956062317,"z":0.8922510147094727},"rotation":{"x":-0.0059776450507342819,"y":0.9936015605926514,"z":-0.09298257529735565,"w":-0.06387592852115631},"size":3.4089550971984865,"orthographic":false}