{"cameraMode":{"drawMode":0,"name":"Shaded","section":"Shading Mode"},"sceneLighting":true,"audioPlay":false,"sceneViewState":{"showFog":true,"showMaterialUpdate":false,"showSkybox":true,"showFlares":true,"showImageEffects":true,"showParticleSystems":true,"showVisualEffectGraphs":true,"m_FxEnabled":true},"in2DMode":false,"pivot":{"x":351.14520263671877,"y":175.39999389648438,"z":-0.008906902745366097},"rotation":{"x":0.07763316482305527,"y":0.0033002246636897327,"z":-0.0002571730874478817,"w":0.99699866771698},"size":225.3004913330078,"orthographic":true}